CPU,Intel,i3-9100F,4,153.00,,
CPU,Intel,i5-9400F,6,179.99,,
CPU,Intel,i7-10700K,8,324.99,,
CPU,Intel,i9-9900K,8,395.00,,
CPU,AMD,Ryzen 3 3100,4,184.00,,
CPU,AMD,Ryzen 5 3600,6,259.50,,
CPU,AMD,Ryzen 7 3800X,8,384.99,,
CPU,AMD,Ryzen 5 5600X,6,299.00,,
CPU,Intel,i5-10600K,6,217.41,,
CPU,AMD,Ryzen 9 3800X,16,12.00,,
GPU,EVGA,FTW3 ULTRA GAMING,RTX 3090,3499.99,,
GPU,Asus,Phoenix,GTX 1050 Ti,377.99,,
GPU,ASRock,Phantom Gaming D,Radeon RX 570,429.88,,
GPU,Asus,STRIX GAMING OC,Radeon RX 5500 XT,1259.99,,
GPU,Asus,CEREBRUS,GTX 1070 Ti,1258.00,,
GPU,Zotac,AMP,GTX 1080,1195.00,,
GPU,Sapphire,PULSE,RX 6700 XT,1095.00,,
GPU,Gigabyte,WINDFORCE OC,GTX 1050,1005.03,,
GPU,PowerColor,Red Devil Golden Sample,RX 580,990.00,,
GPU,Gigabyte,OC Low Profile,GTX 1050 Ti,449.99,,
CPU Cooler,Cooler Master,Hyper 212 Evo,Air,36,31.99,
CPU Cooler,Corsair,H100i RGB PLATINUM SE,Liquid,36,156.24,
CPU Cooler,be quiet!,Dark Rock Pro 4,Air,24,79.98,
CPU Cooler,Cooler Master,MASTERLIQUID ML240L RGB V2,Liquid,27,79.98,
CPU Cooler,Noctua,NH-D15 CHROMAX.BLACK,Air,25,79.98,
CPU Cooler,NZXT,Kraken X63,Liquid,38,149.99,
CPU Cooler,Thermaltake,UX100,Air,27,19.98,
CPU Cooler,MSI,MAG CORE LIQUID 240R,Liquid,34,95.99,
CPU Cooler,Scythe,Mugen 5 Rev. B,Air,25,49.99,
CPU Cooler,Deepcool,CASTLE 360EX,Liquid,32,129.99,
Motherboard,Intel,Asus,Prime Z390-AII,ATX,162.00,
Motherboard,AMD,Asus,PRIME X570-PRO,ATX,286.95,
Motherboard,AMD,ASRock,B450M  PRO4,Micro ATX,79.93,
Motherboard,AMD,MSI,B550-A-Pro,ATX,139.99,
Motherboard,Intel,Asus,ROG STRIX Z490-E GAMING,ATX,369.99,
Motherboard,AMD,Gigabyte,B450M  DS3H V2,Micro ATX,81,
Motherboard,Inel,MSI,Z490-A PRO,ATX,169.99,
Motherboard,AMD,MSI,MAG B550 TOMAHAWK,ATX,175.92,
Motherboard,Intel,Biostar,B365MHC,Micro ATX,70.99,
Motherboard,Intel,EVGA,Z370 FTW,ATX,249.99,
Case,Corsair,RGB Spec Omega,ATX Mid Tower,White,149.99,
Case,NZXT,H510,ATX Mid Tower,White,69.98,
Case,Lian Li,PC-011 Dynamic,ATX Full Tower,Black,159.99,
Case,Phanteks,Eclipse P300A Mesh,ATX Mid Tower,Black,159.99,
Case,NZXT,H500 Vault Boy,ATX Mid Tower,Blue,149.99,
Case,Corsair,SPEC OMEGA,ATX Mid Tower,Red,399.99,
Case,Cougar,Gemini S,ATX Mid Tower,Gray,74.99,
Case,Fractal Design,Meshify C,ATX Mid Tower,White,98,
Case,Cooler Master,MasterBox NR200P,Mini ITX,Black,109.91,
Case,Thermaltake,AH T600 Snow,ATX Full Tower,White,299.99,
RAM,Corsair,Vengeance RGB Pro,16,2,3200,226.99
RAM,G.Skill,NT Series,8,1,2400,42.99
RAM,Patriot,Viper Steel,8,2,4000,139.99
RAM,Crucial,Ballistix,8,2,3600,93.99
RAM,Team,T-Force Delta RGB,8,2,3200,102.99
RAM,Corsair,Vengeance LPX,8,2,3000,101.99
RAM,G.Skill,Trident Z RGB,32,8,3200,1289.99
RAM,Corsair,Vengeance RGB Pro,32,4,3200,844.99
RAM,Team,T-Force XTREEM ARGB,32,2,3600,369.99
RAM,Corsair,Dominator Platinum,8,2,1600,347.15
Storage,Samsung,970 Evo,2 TB,SSD,134.00,
Storage,Seagate,Barracuda Compute,2 TB,HDD,52.99,
Storage,Kingston,A400,240 GB,SSD,34.99,
Storage,Western Digital,Blue,1 TB,SSD,109.99,
Storage,Samsung,980 Pro,1 TB,SSD,199.99,
Storage,Western Digital,Gold,18 TB,HDD,584.99,
Storage,Crucial,MX500,1 TB,SSD,89.99,
Storage,Western Digital,Black,4 TB,HDD,149.99,
Storage,Team,MP33,512 GB,SSD,56.99,
Storage,Seagate,Barracuda Compute,3 TB,HDD,79.99,
